waste,unit,geo\time	2000 	2001 	2002 	2003 	2004 	2005 	2006 	2007 	2008 	2009 	2010 	2011 	2012 	2013 	2014 	2015 	2016 	2017 	2018 	2019 
W1501,RT,AT	69.4 	64.3 	65.9 	64.2 	66.2 	66.9 	68.4 	67.2 	67.9 	66.9 	66.6 	65.8 	65.9 	66.6 	66.6 	67.1 	66.8 	65.6 	65.5 	65.4 
W1501,RT,BE	62.5 	71.3 	70.2 	73.9 	76.4 	76.8 	79 	80.4 	78.9 	79.1 	79.8 	80.2 	80.3 	78.7 	81.3 	81.5 	81.9 	83.8 	85.3 	84.2 
W1501,RT,BG	: 	: 	: 	: 	: 	30.8 	35 	54.8 	50.3 	45.9 	61.6 	65.1 	66.5 	65.7 	62 	64.1 	63.8 	65.6 	60.4 	: 
W1501,RT,CY	: 	: 	: 	: 	22 	11.1 	25.2 	25.7 	34 e	42.2 	50 	52 	55.3 e	56.6 	58.7 	59.8 	64.6 	66.2 	70.2 	66.8 
W1501,RT,CZ	: 	: 	: 	51.4 	55.7 	59 	63.4 	65.9 	67.1 	68.8 	70 	69.7 	69.9 	69.9 	73 	74.3 	75.3 	73.7 	69.6 	71.2 
W1501,RT,DE	78 	75.9 	74.4 	70.6 	69.6 	68.2 	66.5 	66.9 	70.5 	73.5 	72.7 	71.8 	71.3 	71.8 	71.4 	69.3 	70.7 	69.9 	68.5 	63.2 b
W1501,RT,DK	55.7 	57.2 	57.3 	53.8 	53.2 	52.5 	56.2 	56.8 	59.7 	84 	84 e	54.3 be	61.6 e	69.8 	69.8 	73.9 	79 	71.5 	70.1 	71.2 
W1501,RT,EE	: 	: 	: 	: 	33.5 	40.3 	45.7 	49.6 	43.5 	57.2 	56.1 	62.9 	61.3 	58.4 	60.3 	59 	56 	53.5 	60.4 	66.2 
W1501,RT,EL	33.3 	33.4 	32.6 	33.1 	36.7 	41.8 	42.8 	48 	43.8 e	52.3 	58.7 	62.1 e	58.6 	52.4 	53.8 	60.3 	66.1 	68.6 	63.6 e	60.1 e
W1501,RT,ES	39.8 	43.6 	44.3 	43.1 	47.4 	50.4 	54 	56.3 	59.1 	60.3 	61.9 	63.9 	65.5 	66.6 	68.7 	68.4 	70.3 	68.5 	68.8 	69.6 
W1501,RT,EU27_2020	: 	: 	: 	: 	: 	54.7 s	56.8 s	59.1 s	60.4 s	62.6 s	64 s	64.2 s	65.2 	65.4 	66.5 	66.6 	67.6 	67.5 	66.6 	64.8 s
W1501,RT,EU28	: 	: 	: 	: 	: 	54.6 s	56.9 s	59.2 s	60.5 s	62.4 s	63.5 s	63.8 s	64.7 	65.3 	65.5 	65.8 	67.2 	67 	66 	: 
W1501,RT,FI	49.8 	47.2 	49.2 	40.8 	39.9 	43.2 	49.1 	51.9 	56.7 	55.5 	55.4 	58.7 	59.3 	58 	57.4 	60.9 	64.7 	65.2 	70.2 	70.6 
W1501,RT,FR	42.2 	44 	45.4 	47.9 	50.7 	53.3 	54.8 	57 	55.2 	56.4 	61.1 	61.3 	64.9 	66.4 	65.2 	65.5 	66 	68.1 	69 	65.6 
W1501,RT,HR	: 	: 	: 	: 	: 	: 	: 	: 	: 	: 	: 	: 	59.7 	58.8 	52.7 	60.1 	54.7 	53.3 	58.4 	48.9 
W1501,RT,HU	: 	: 	: 	: 	43.3 	45.9 	48.9 	46.4 	50.8 	51.1 	58.7 	59.3 	48.5 	49.2 	48.4 	50.1 	49.7 	49.7 	46.1 	47.3 
W1501,RT,IE	18.9 	27 	34.9 	51.2 	56.4 	55.6 	54.5 	60.6 	61.7 s	64.9 	66.2 	70.9 	74 	70.2 	68.3 	67.5 	67 	65.6 	63.9 	62.5 
W1501,RT,IS	: 	: 	: 	: 	: 	: 	: 	: 	: 	: 	35.7 	46.2 	41.8 	: 	: 	50.6 	51.6 	46.8 	: 	: 
W1501,RT,IT	38.4 	45.5 	51.4 	51.4 	53.3 	53.7 	54.9 	56.8 	59.6 	64 	64.4 	64.5 	66.6 	66.7 	65.4 	66.8 	66.9 	67.1 	68.3 	69.6 
W1501,RT,LI	: 	: 	: 	: 	: 	: 	48.9 	48.5 	47 	50 	45.9 	48.7 	44.3 	50.3 	51.9 	66.1 	65.8 	66.7 	68 	70 
W1501,RT,LT	: 	: 	: 	: 	32.7 	32.5 	37 	42.9 	51.7 	57.7 	60.4 	62.2 	62.2 	53.5 	57.7 	59.8 	69.5 	61.8 	60.7 	61.9 
W1501,RT,LU	45.2 	57.3 	56.8 	60.1 	61 	62.6 	63.8 	62.5 	63.6 	61 	66 	66 	62.5 	62.8 	66 	70 	70.3 	69.7 	70.9 	71.5 
W1501,RT,LV	: 	: 	: 	: 	45.6 	47 	42.2 	39.6 	46.8 	44.9 	48.9 	50.9 	51.1 	51 	54.9 	53.9 	57.7 	58.7 	55.8 	62.4 
W1501,RT,MT	: 	: 	: 	: 	5.9 	8.1 	10.8 	10.4 	45.9 	36 	28.5 	42.3 	46.6 	38.1 	41.1 	37.1 	39.7 	35.6 	35.7 	: 
W1501,RT,NL	58.8 	56 	57.4 	56.4 	58.5 	59.4 	70.2 	69.8 	72.4 	74.9 	73.9 	71.9 	69.3 	70.4 	70.5 	71.7 	72.6 	78.1 	79.4 	80.7 
W1501,RT,NO	: 	: 	: 	: 	: 	: 	70.3 	68.4 	54.7 	53.1 	56.7 	57.5 	55.9 	54.5 	55.7 	55.1 	56.3 	54.5 	52.9 	53.9 
W1501,RT,PL	: 	: 	: 	: 	28.3 	29.5 	37.1 	48.2 	42.9 	36.8 	38.9 	41.2 	41.4 	36.1 	55.4 	57.6 	58 	56.7 	58.7 	55.5 
W1501,RT,PT	30.8 	37.7 	35.8 	38.3 	41 	44.3 	51.4 	56.5 	61 	59.9 	55.5 	58.4 	56.9 	61.5 	61 	57.1 	60.9 	55.3 b	57.6 	62.8 
W1501,RT,RO	: 	: 	: 	: 	: 	23 	28.6 	30.6 	33.5 	40.5 	43.4 	50 	56.8 	52.8 	54.8 	55.9 	60.4 	60.4 	57.9 	: 
W1501,RT,SE	57.8 	63.2 	64.7 	60 	49.8 	48.2 	58.1 	59.3 	58.5 	58.9 	69.2 	71.5 	69.6 	71.9 	70.5 	71.8 	68.2 	71.7 	70.1 	63.6 
W1501,RT,SI	: 	: 	: 	: 	34.3 	45.3 	40.3 	46.9 	52.4 	49.6 	61 	63.6 	66.9 	69 	70.4 	67 	69.4 	70.1 	68 	67.1 
W1501,RT,SK	: 	: 	: 	36.3 	37.6 	29.8 	36.3 	61.1 	47.7 	59.9 	45.7 	62.4 	68.1 	65.9 	65.4 	64.3 	65.8 	65.7 	66.6 	67.5 
W1501,RT,UK	39.9 	42.4 	44.2 	46.8 	49.7 	54.4 	57.5 	59.3 	61.5 	61.8 	60.7 	60.8 	61.4 	64.6 	59.2 	60.6 	64.7 	63.9 	62.1 	: 
W150101,RT,AT	86.9 	81.4 	80 	81.5 	83.2 	86.4 	87 	83.5 	85.4 	84.8 	84.5 	84.5 	84.9 	84.3 	84.9 	84.9 	84.9 	83.5 	84.2 	84.7 
W150101,RT,BE	82.1 	85.8 	78.4 	79.2 	83.4 	83.3 	89.1 	92 	89.4 	88 	89.8 	90.4 	89.8 	89.1 	90.6 	90.7 	89.4 	92.9 	95.6 	92.3 
W150101,RT,BG	: 	: 	: 	: 	: 	81.6 	51.8 	97.8 	84.9 	67.3 	81.9 	98.1 	94.2 	88.8 	70.1 	78.7 	80.1 	79.6 	63.3 	: 
W150101,RT,CY	: 	: 	: 	: 	42.3 	12.9 	38 	39.2 	59.9 e	78.9 	83.4 	88.3 	88.9 e	97.3 	96.7 	96.6 	99.7 	93.3 	97.9 e	99.5 e
W150101,RT,CZ	: 	: 	: 	62.4 	70.5 	84 	90.8 	94.2 	93.8 	93.9 	93.5 	90.5 	85.9 	87.6 	88.6 	90.1 	93.7 	90.6 	85.6 	88.2 
W150101,RT,DE	90.2 	91 	87.9 	80.7 	82.7 	82.1 	80.2 	80.2 	87.7 	91.1 	90.2 	88 	87.6 	88.2 	87.3 	85.7 	88.7 	87.6 	86.8 	80.6 b
W150101,RT,DK	62 	64.9 	61.3 	60.2 	58.7 	60 	62.2 	60.5 	61 	93.5 	93.5 e	63.8 b	76.5 	85.4 	91.8 	95.3 	97.7 	81.9 	99.7 	97.9 e
W150101,RT,EE	: 	: 	: 	: 	33.6 	45.1 	55.2 	57 	65.1 	69.1 	82.9 	79.1 e	77.2 e	75.5 	74.2 	76.3 	79 	76.9 	86.1 	85.9 
W150101,RT,EL	67.4 	67.6 	68.5 	70.3 	69.9 	72.5 	70 	79.5 	73.6 e	83 	94.1 	91.9 e	83.6 	79.7 	79.1 	89.6 	98.5 	99.5 	91.5 e	84.6 e
W150101,RT,ES	58.2 	63.8 	59.8 	57.3 	63.3 	69.2 	71.4 	70 	73.4 	76.7 	76.1 	76.6 	77.8 	75 	78.2 	76.9 	79.7 	74.6 	72.5 	72.9 
W150101,RT,EU27_2020	: 	: 	: 	: 	: 	73.2 s	75.4 s	78.3 s	81 s	83.3 s	83.8 s	82.7 s	83.5 	84 	84.1 	83.9 	85.4 	85.5 	84.2 	82.3 s
W150101,RT,EU28	: 	: 	: 	: 	: 	73.3 s	75.7 s	78.4 s	80.9 s	83.4 s	83.5 s	83 s	83.9 	84.7 	82.5 	83 	85 	84.6 	82.9 	: 
W150101,RT,FI	61.9 	58 	60.9 	62.8 	70.2 	79.1 	86.1 	87.6 	93.1 	94.7 	96.2 	96.8 	99.2 	97.6 	101.2 	111.6 	114.6 	116.1 	116 	115.9 
W150101,RT,FR	59 	61.5 	64.4 	69.3 	76.5 	80.9 	84.6 	89 	86.9 	85.6 	91.9 	88 	91.8 	95.8 	94.1 	92 	93.9 	98.4 	92.1 	91.4 
W150101,RT,HR	: 	: 	: 	: 	: 	: 	: 	: 	: 	: 	: 	: 	96.1 	88.2 	76.9 	89.4 	82.5 	83.7 	93.7 	74.2 
W150101,RT,HU	: 	: 	: 	: 	67 	85.8 	94.2 	86.5 	90.6 	94 	94.7 	94 	73 	78.3 	66.2 	75.8 	77 	74.5 	67.5 	70.5 
W150101,RT,IE	16.6 	24.2 	35.3 	65.4 	70 	71.6 	73.7 	77 	78.2 s	81.2 	84 	91.5 	83 	79.1 	79.4 	79.7 	79.2 	78.5 	79.1 	78.5 
W150101,RT,IS	: 	: 	: 	: 	: 	: 	: 	: 	: 	: 	65.3 	76.5 	62.9 	: 	: 	83.9 	83.1 	83.7 	: 	: 
W150101,RT,IT	45.5 	52.1 	58.5 	57.8 	62.4 	66.6 	66.6 	69.7 	73.8 	80.4 	78.7 	79.5 	84.5 	84.6 	78.7 	79.7 	79.7 	79.8 	80 	80.8 
W150101,RT,LI	: 	: 	: 	: 	: 	: 	76 	77 	76.1 	78 	75.1 	74.6 	66.2 	75.9 	76.2 	82.1 	82.6 	82.3 	82.6 	85 
W150101,RT,LT	: 	: 	: 	: 	59 	59.3 	59.5 	67.7 	73 	73.5 	83.5 	83.7 	82.4 	87.3 	89.1 	87.2 	85 	86.7 	77.5 	77 
W150101,RT,LU	36.7 	59.4 	60.2 	63.9 	64.5 	69.3 	71.6 	70.6 	77.6 	76.5 	76 	77.8 	76.7 	74.4 	81.6 	77.2 	78.2 	79.1 	80.2 	80.1 
W150101,RT,LV	: 	: 	: 	: 	60.2 	59.1 	58.3 	57.5 	66.1 	74.6 	74.9 	75.2 	75.3 	74.7 	81.5 	77.5 	81.1 	86.2 	82.9 	80.9 
W150101,RT,MT	: 	: 	: 	: 	8.5 	10.8 	11.2 	8.1 	29.6 	48.4 	51.4 	72.7 	77.2 	48.4 	55.5 	56.4 	59.7 	50.7 	48.4 	: 
W150101,RT,NL	70.9 	65.2 	69 	68.5 	70.3 	71.7 	94 	93.8 	96.4 	94.8 	89.9 	88.6 	88.9 	88.2 	85.9 	85.4 	85.4 	87.1 	87.9 	91 
W150101,RT,NO	: 	: 	: 	: 	: 	: 	83.2 	82.2 	78 	79.6 	83.2 	84.9 	81.6 	81.4 	82.9 	82.2 	83 	85 	79.3 	83.3 
W150101,RT,PL	: 	: 	: 	: 	39.6 	41 	51 	69.1 	67.1 	50.9 	57.1 	58.7 	53.1 	50 	72.8 	77.6 	73.8 	82.2 	88.2 	79.9 
W150101,RT,PT	46.7 	57 	50.4 	50.1 	55.6 	59.8 	68.2 	81.8 	87.8 	79.5 	67 	71.3 	66.1 	73.4 	69.1 	62.2 	70.1 	66.9 	66.8 	71 
W150101,RT,RO	: 	: 	: 	: 	: 	51.1 	55.7 	61.2 	61.6 	68.7 	66.8 	65.5 	69.8 	74.6 	83.4 	89.3 	92.5 	90.6 	88.9 	: 
W150101,RT,SE	62.6 	68.7 	70.1 	88.1 	70.8 	72.2 	72 	73.5 	74.1 	74.2 	69.6 	75.5 	76.8 	78.4 	79.3 	81.7 	81.8 	81.8 	77.2 	75 
W150101,RT,SI	: 	: 	: 	: 	76.2 	77.3 	66.3 	68.5 	66.4 	71.8 	74.7 	73.5 	78.7 	78.7 	80.4 	75.6 	76.6 	76.2 	81.2 	80.6 
W150101,RT,SK	: 	: 	: 	49.2 	50 	20.1 	60.8 	86.1 	53.6 	84.2 	50.8 	80.2 	84.7 	79.7 	79.9 	76.8 	78.4 	74.2 	76.7 	77.7 
W150101,RT,UK	50.3 	52.7 	59.3 	65.2 	68.2 	74.2 	78 	79.3 	79.7 s	83.9 	81.9 	84.8 	86.5 	89.4 	73.1 	77.2 	82 	79 	74.4 	: 
W150102,RT,AT	26.2 	29.1 	30 	30.7 	33.2 	32.9 	35.8 	32.7 	34.9 	32.7 	34.4 	34.8 	34.7 	34.4 	33.6 	33.6 	33.6 	33.4 	31.9 	30.8 
W150102,RT,BE	25.5 	28.5 	29.5 	32.5 	36.5 	38.1 	38.6 	38.4 	39.5 	43 	41.5 	41.4 	41.5 	39 	41.8 	42.6 	43.4 	44.5 	42.4 	47.4 
W150102,RT,BG	: 	: 	: 	: 	: 	8.4 	20.2 	19.5 	15.6 	30 	40.9 	39.2 	40.7 	41.3 	64.1 	60.8 	52.6 	64.8 	59.2 	: 
W150102,RT,CY	: 	: 	: 	: 	9 	8.7 	14.5 	14.3 	14.8 	18.2 	27.2 	38 	44.8 	45.3 	46.6 	63.7 	62.3 	65 	54.3 e	50.5 e
W150102,RT,CZ	: 	: 	: 	37.6 	43.8 	35 	44.3 	45.5 	50.2 	52.5 	54 	57 	58.2 	59.7 	58.2 	61.7 	59.2 	58.9 	57 	61 
W150102,RT,DE	53.4 	51.8 	49 	38 	33.8 	35.2 	38.1 	40.7 	44.7 	46.5 	45.1 	46.3 	47 	46.8 	47.3 	47.4 	48.4 	48 	46.4 	43.3 b
W150102,RT,DK	12.5 	13.9 	15.5 	17.4 	16.3 	19.1 	20.3 	21.8 	25.4 	26.4 	26.4 e	22.3 b	25.9 	29.1 	30.7 	30.5 	36.1 	41.8 	31.3 	36.2 e
W150102,RT,EE	: 	: 	: 	: 	12 	25.5 	33.7 	38.2 	22 	22.7 	33.4 	39.6 	29.8 	28.1 	29.3 	27.8 	24.6 	26.5 	37.7 	40.6 
W150102,RT,EL	3.1 	3 	3 	3 	5.9 	9.9 	10 	13.7 	11.9 	26.7 	30.1 	33 	32.2 	32.3 	32.8 	36.8 	38.2 	41.4 	39.8 e	37.6 e
W150102,RT,ES	17.2 	17.8 	19.6 	19.9 	20.1 	20.7 	22.4 	23.3 	24.4 	26.6 	29.2 	32.4 	35.1 	40.7 	42.5 	44 	45.5 	47.9 	50.7 	51.5 
W150102,RT,EU27_2020	: 	: 	: 	: 	: 	24.4 s	27.1 s	28.6 s	30.9 s	33.5 s	34.1 s	35.6 s	37 	37.5 	39 	40.5 	42.4 	41.7 	41.4 	41 s
W150102,RT,EU28	: 	: 	: 	: 	: 	24 s	26.4 s	27.7 s	29.8 s	31.9 s	32.5 s	33.7 s	35 	36.6 	38.9 	40.3 	42.7 	42.3 	41.8 	: 
W150102,RT,FI	14.1 	14.8 	14.6 	14.3 	14.6 	13.6 	15.9 	18.4 	22.7 	25.3 	26.2 	25.4 	25.4 	22.7 	24.6 	23.7 	25.4 	26.5 	31.1 	42 
W150102,RT,FR	11.2 	13.6 	15.2 	16.1 	17.5 	19 	19 	21.1 	22.5 	25 	23.7 	23.3 	25.1 	25.6 	25.2 	25.5 	25.8 	26.5 	26.9 	26.9 
W150102,RT,HR	: 	: 	: 	: 	: 	: 	: 	: 	: 	: 	: 	: 	45.4 	45.3 	37.7 	46.3 	41.1 	37.3 	37.3 	35.7 
W150102,RT,HU	: 	: 	: 	: 	14 	19.2 	20.4 	17 	25.1 	24.5 	32.5 	22.4 	27.8 	30.8 	36.8 	27.4 	31.4 	32 	30 	33 
W150102,RT,IE	9.1 	11.8 	16.6 	15.5 	22.3 	24.1 	20.1 	22.2 	28.9 s	36.2 	39.4 	47.5 	38.2 	34.8 	31.3 	29.7 	31.2 	30.5 	27.1 	27.5 
W150102,RT,IS	: 	: 	: 	: 	: 	: 	: 	: 	: 	: 	33.3 	43.5 	42.7 	: 	: 	37.2 	42.7 	29.7 	: 	: 
W150102,RT,IT	16.1 	19.1 	23.1 	24 	25.9 	26 	27.4 	28.3 	31.1 	33.5 	34.5 	36.1 	37.5 	36.8 	38 	41.1 	42.4 	41.8 	43.4 	44.7 
W150102,RT,LI	: 	: 	: 	: 	: 	: 	4.5 	3.2 	1.9 	3 	2.3 	2.6 	7 	6.6 	6.8 	16.9 	20.9 	18.3 	21.4 	26.5 
W150102,RT,LT	: 	: 	: 	: 	20.9 	21.2 	26.7 	28.5 	32.6 	35.9 	38.4 	38.9 	38.9 	42.9 	51.2 	54.8 	74.4 	71.5 	69.3 	69.6 
W150102,RT,LU	35.9 	33.7 	28.3 	23.5 	34.5 	29.6 	31.8 	38.7 	29.7 	24.6 	31 	33.2 	36.7 	32.2 	32.3 	32.7 	31.9 	33.1 	32.3 	33.4 
W150102,RT,LV	: 	: 	: 	: 	21.2 	33.5 	26.7 	22.8 	17.6 	20.3 	24 	23 	24 	24.5 	36.4 	35.3 	37.2 	36.6 	35.8 	35.4 
W150102,RT,MT	: 	: 	: 	: 	3 	5.4 	7.4 	10.6 	14 	50.9 	22 	28.9 	32.8 	22.6 	32.9 	28.6 	23.5 	19.2 	11.1 p	: 
W150102,RT,NL	22.9 	20.8 	16.4 	19.9 	19.3 	22.1 	32.5 	33.7 	36.4 	38.4 	47.6 	50.7 	47.7 	46.6 	50.6 	49.8 	51.5 	50.4 	52 	57.2 
W150102,RT,NO	: 	: 	: 	: 	: 	: 	29.9 	29.8 	26.7 	30 	36.4 	37.6 	38.1 	38.8 	36.1 	37.1 	39.3 	36.9 	36.3 	33.2 
W150102,RT,PL	: 	: 	: 	: 	16.3 	17.4 	24.6 	27.9 	23.7 	21.3 	20.1 	22.5 	21.9 	19.7 	28.3 	30.8 	46.9 	34.6 	35.7 	31.5 
W150102,RT,PT	4.5 	9.4 	9 	9.1 	10.5 	15.8 	15.4 	15.3 	19.1 	25.5 	24.5 	26.1 	30.4 	35.3 	40 	43 	41.8 	34.9 	33.9 	35.6 
W150102,RT,RO	: 	: 	: 	: 	: 	11.2 	17 	15.3 	15.5 	23.8 	28.2 	40.3 	51.3 	51.7 	44.5 	46.7 	46.5 	47.6 	43 	: 
W150102,RT,SE	13.5 	17.2 	19.8 	22.3 	25.2 	29.9 	43.8 	41.7 	37 	37.5 	32.4 	34.1 	34.9 	45.6 	47.5 	49 	50.7 	48.4 	50 	53.2 
W150102,RT,SI	: 	: 	: 	: 	12.1 	33.9 	38.6 	46.5 	55.6 	42 	67.3 	75.5 	64.8 	81.7 	69.3 	63.4 	62 	60.4 	48.8 p	50.3 
W150102,RT,SK	: 	: 	: 	11.9 	16 	18.1 	39.7 	41.7 	43.7 	49.3 	44.9 	49.9 	57 	55.1 	55.9 	54.4 	51.7 	52.4 	51.4 	52.8 
W150102,RT,UK	15.1 	16.1 	19 	17.9 	18.7 	21.8 	22 	22.5 	23.7 	24.1 	24.1 	24.2 	25.2 	31.6 	37.9 	39.4 	44.9 	46.2 	43.8 	: 
W150103,RT,AT	14.9 	12.4 	16.1 	19.2 	18.9 	18.7 	16.9 	19.1 	21.9 	21.8 	33.7 	21.1 	21.5 	20.3 	19.9 	18.1 	17.7 	19.9 	20.6 	20.5 
W150103,RT,BE	34 	59.5 	55.3 	59.5 	64.1 	65.4 	63.8 	71.5 	57.9 	56.8 	63.3 	63.4 	66.1 	59 	72.2 	74.9 	80.9 	83.7 	90.6 	80.5 
W150103,RT,BG	: 	: 	: 	: 	: 	0 	0 	0 	40.6 	45.5 	53.8 	41.5 	53.1 	58.5 	37.8 	32.7 	39 	31.9 	21.3 	: 
W150103,RT,CY	: 	: 	: 	: 	4.8 	20.6 	23.1 	21.6 	14.9 e	24.6 	8.4 	9.8 	6.2 e	12 	11.5 	9.2 	10 	8.5 	9.6 	24 
W150103,RT,CZ	: 	: 	: 	11.6 	10.4 	16.4 	21.2 	37.2 	29.3 	32.9 	36.3 	27.6 	25.7 	35.6 	66.1 	68.7 	63.9 	51.2 	45 	42.3 
W150103,RT,DE	55.2 	41.4 	41.1 	35.1 	34.5 	34.5 	30 	30.2 	28.8 	30.8 	27.5 	30.1 	30.3 	25.5 	26.8 	25.8 	26 	25.8 	25 	23.6 b
W150103,RT,DK	: 	: 	: 	25.5 	29.7 	24.2 	33.9 	32.9 	41 	86.1 	86.1 e	29.5 	40.4 	66.4 	52.5 	75.9 	87.3 	59.4 	45.7 	48.6 
W150103,RT,EE	: 	: 	: 	: 	4.9 	37.1 	17.2 	38.5 	56.7 	81 	63 	72.4 e	59.7 	66.3 	62 	66.1 	32.5 	16.4 	20.3 	14.7 
W150103,RT,EL	22.2 	22.2 	22.7 	22.2 	34.6 	55.6 	58.3 	75 	30.8 e	37.3 	50.1 	65.9 e	41.8 	2.5 	17.4 	22 	21.9 	20.4 	24.1 e	24.5 e
W150103,RT,ES	23.7 	: 	: 	37.3 	43 	43.9 	49.8 	61 	58.2 	56 	55.7 	53.2 	57.9 	64.3 	64.3 	65.5 	67.1 	67.5 	67 	66.9 
W150103,RT,EU27_2020	: 	: 	: 	: 	: 	34.2 s	34.9 s	37.8 s	34.4 s	33.6 s	35.3 s	36.6 s	37.5 	35.2 	39.3 	41.4 	40.7 	41.2 	35.6 	31.1 s
W150103,RT,EU28	: 	: 	: 	: 	: 	36.5 s	38.4 s	41.3 s	38.3 s	37.6 s	38.8 s	38.4 s	38.7 	35.9 	38.5 	40.1 	39.8 	40.3 	35.5 	: 
W150103,RT,FI	: 	: 	: 	6.9 	7 	5.4 	7.7 	9.8 	21.3 	20.5 	17.8 	17.7 	16.9 	15 	12.8 	12.5 	14.4 	14.5 	24.4 	27.2 
W150103,RT,FR	18.4 	19.5 	19.4 	19.5 	20.2 	20.9 	20.1 	20.9 	18.9 	12.9 	19.1 	25.2 	28.6 	28.4 	28.2 	31.6 	29.1 	30.8 	55.6 	35.6 
W150103,RT,HR	: 	: 	: 	: 	: 	: 	: 	: 	: 	: 	: 	: 	0.4 	1.9 	0.4 	3.1 	3 	2.9 	3.8 	2.9 
W150103,RT,HU	: 	: 	: 	: 	: 	18.3 	20.6 	19.7 	22.6 	23.4 	34.2 e	34.7 	18.1 	7.5 	18.1 	19.9 	20.1 	24.1 	23 	24.5 
W150103,RT,IE	: 	: 	: 	97.8 	97.6 	77 	77.1 	75.8 	76.7 s	79.1 	83.2 	92.8 	82.3 	81.6 	84.8 	85.4 	75 	74.3 	64.1 	64.9 
W150103,RT,IS	: 	: 	: 	: 	: 	: 	: 	: 	: 	: 	28.8 	61.1 	48.1 	: 	: 	60.9 	62.5 	22.7 	: 	: 
W150103,RT,IT	35 	53 	59.7 	60 	57.4 	50.2 	53.2 	53.8 	53.1 	57.7 	58.7 	55.2 	54.2 	55.9 	59 	60.3 	60 	60.1 	61.9 	62.2 
W150103,RT,LI	: 	: 	: 	: 	: 	: 	0 	0 	0 	0 	0 	0 	0 	0 	0 	0 	0 	0 	0 	0 
W150103,RT,LT	: 	: 	: 	: 	1.8 	1.2 	18.4 	32.1 	43.4 	39 	46.4 	47.4 	48.8 	20.3 	27.2 	24.8 	48.3 	32.8 	23.8 	26.4 
W150103,RT,LU	: 	: 	: 	37.6 	35.7 	52.9 	31.1 	31.1 	19.2 	14.4 	32.1 	34.4 	23.4 	51 	34.2 	39 	34.9 	25 	31.6 	28.3 
W150103,RT,LV	: 	: 	: 	: 	73.8 	58.4 	43.4 	24.2 	28.3 	22.3 	29.9 	35.4 	36.7 	36.4 	31.8 	35.1 	39.9 	38 	27.3 	52.3 
W150103,RT,MT	: 	: 	: 	: 	10.4 	8.4 	12.7 	3.9 	0.7 	2 	2.7 	0 	0.8 	1.5 	6.6 	3.4 	0 	0 	0 	: 
W150103,RT,NL	24.8 	27.1 	29.4 	31.9 	33.4 	38.6 	39.1 	31.7 	36.1 	37.6 	32.5 	30.5 	29.3 	21.8 	25.1 	48.2 	51.5 	72.7 	76.6 	70.1 
W150103,RT,NO	: 	: 	: 	: 	: 	: 	: 	: 	14.4 	10.4 	13.6 	8.5 	8.2 	8 	8.2 	8.4 	8.5 	14.8 	14.8 	14.8 
W150103,RT,PL	: 	: 	: 	: 	20.1 	16.9 	15.6 	47.8 	26.3 	23.1 	21 	27.2 	28.5 	21.9 	48.6 	50.5 	40.8 	32.4 	29.1 	27.3 
W150103,RT,PT	0.2 	71.6 	: 	66.5 	66.1 	58.4 	73.3 	71 	64.5 	65.3 	66 	78 	69.7 	98.5 	131.5 	86.5 	103.4 	89.9 	76.5 	91.1 
W150103,RT,RO	: 	: 	: 	: 	: 	5.1 	3.3 	8.6 	8.3 	13.2 	18.1 	32.5 	41.1 	28.9 	26.6 	28.8 	27.6 	30 	28.4 	: 
W150103,RT,SE	: 	: 	: 	16 	6.9 	2 	16.6 	16.6 	16.7 	18.6 	167.2 	136.1 	79.8 	59.9 	22.3 	21.5 	30.9 b	50.4 b	51.1 	29.8 
W150103,RT,SI	: 	: 	: 	: 	4.6 	20.5 	5.2 	21 	7.2 	11 	15.7 	15.6 	33.1 	15.1 	25.9 	19.3 	23.6 	32.2 	25.1 	22.2 
W150103,RT,SK	: 	: 	: 	60.6 	30.2 	32.5 	2.6 	4.7 	16.1 	8.7 	8.3 	26.3 	36.7 	36.4 	37.2 	42.1 	55.3 	47.2 	53.4 	55.7 
W150103,RT,UK	44.2 	85.7 	54.9 	53.9 	56.8 	54.6 	72.8 	76.5 	76.5 	76.9 	75.4 	58.7 	51.3 	42.3 	31.4 	28.6 	31 	30.8 	35.2 	: 
W150104,RT,AT	49.4 	61.4 	67.3 	55.5 	58.7 	58.4 	59.6 	67.1 	63.9 	61.4 	60.6 	62.1 	61.4 	87.5 	87 	87.2 	88.3 	85.6 	84.4 	84.7 
W150104,RT,BE	70.3 	80.7 	86.2 	92.6 	91 	88.5 	93.2 	91.4 	94 	95.4 	94.7 	97.4 	97.3 	97 	98.2 	98.1 	98.3 	98.5 	98.2 	95.1 
W150104,RT,BG	: 	: 	: 	: 	: 	0.1 	6.2 	0.2 	65.1 	50.5 	51.1 	69.9 	75.6 	69.8 	67.1 	69.2 	59.4 	73.4 	80.5 	: 
W150104,RT,CY	: 	: 	: 	: 	34.7 	22.7 	73.8 	70.1 	94.9 e	98 	116.7 	88.8 	98.7 e	70.7 	97.4 	72.3 	84.1 	119.8 	117.5 e	129.3 e
W150104,RT,CZ	: 	: 	: 	37.3 	35 	33.9 	47.1 	55.6 	42.9 	52 	64 	68 	69.2 	58.5 	65 	58.6 	63.4 	74.1 	67.6 	65 
W150104,RT,DE	77.9 	78.8 	79.5 	81.5 	82.6 	84.5 	88.8 	89.5 	91.7 	91.7 	92.7 	92.8 	92.3 	93.2 	92.5 	91.5 	91.6 	91.6 	91.7 	70.9 b
W150104,RT,DK	48.6 	40.2 	44.1 	41.3 	41.1 	59.8 	64.2 	86.8 	81.9 	76.9 	76.9 e	58 be	51.8 e	57 	71.3 	71.9 	87.7 	73.2 	80 	84.4 e
W150104,RT,EE	: 	: 	: 	: 	27.7 	38.1 	52.5 	18.3 	25.6 	36.1 	60.9 	62.9 be	65.3 e	58.4 	78 	68.4 	66.1 	67.7 	81.7 	102.1 
W150104,RT,EL	10.8 	9.8 	9.6 	10.1 	14.8 	37.6 	46.9 	50.7 	43.8 e	48.2 	41.9 	44.1 e	38.2 	48.2 	58.8 	57.4 	61.7 	70.5 	71.7 	78.4 
W150104,RT,ES	33.9 	38.4 	39.1 	45.3 	56 	59.7 	62.3 	62.8 	67.8 	70.6 	70.7 	75.2 	78 	80.9 	81.1 	79.9 	82.6 	85.1 	84 	84 
W150104,RT,EU27_2020	: 	: 	: 	: 	: 	63.7 s	68.1 s	69.5 s	69.7 s	72.6 s	74.6 s	75.7 s	76.6 	77.8 	78.5 	79.3 	80.2 	80.7 	82.9 	78 s
W150104,RT,EU28	: 	: 	: 	: 	: 	61 s	65.6 s	66.5 s	67.6 s	69.4 s	71.3 s	72.2 s	72.3 	74.2 	75.2 	76.1 	78.3 	79.2 	80.1 	: 
W150104,RT,FI	27.9 	42.2 	49.9 	50.2 	54.6 	53.5 	58.9 	70.3 	75.4 	84.3 	78 	79.9 	85.3 	81.8 	82.3 	83.5 	84.9 	87.8 	90 	85.1 
W150104,RT,FR	49.2 	51.8 	53 	56.9 	53 	56.8 	65.2 	64.4 	60.2 	64.3 	74.8 	73.6 	73.9 	75.8 	71.9 	77.2 	80.4 	84.9 	87.1 	83.4 
W150104,RT,HR	: 	: 	: 	: 	: 	: 	: 	: 	: 	: 	: 	: 	12.5 	12.2 	11.6 	13.9 	16.4 	16.5 	20.5 	18.7 
W150104,RT,HU	: 	: 	: 	: 	48 	67.9 	64.2 	65.2 	66.9 	68.7 	75.7 	83.5 	80.8 	94.6 	83.5 	79.7 	71.8 	70.4 	71.2 	68.8 
W150104,RT,IE	23.9 	37.1 	35 	54.6 	57.5 	58.3 	45.5 	67.6 	62 s	56.6 	59.5 	66.6 	75.8 	79.1 	80.5 	74.6 	70.1 	72 	64.1 	69 
W150104,RT,IS	: 	: 	: 	: 	: 	: 	: 	: 	: 	: 	32.4 	29 	57.1 	: 	: 	76.4 	75.5 	63.7 	: 	: 
W150104,RT,IT	44.6 	44.5 	53.9 	54.5 	52.6 	61.4 	63.9 	67.3 	68.4 	74.6 	71.3 	71 	73.6 	74.5 	72.7 	73 	75.6 	72 	77.6 	79.2 
W150104,RT,LI	: 	: 	: 	: 	: 	: 	100 	100 	100 	100 	100 	100 	100 	100 	100 	100 	100 	100 	100 	100 
W150104,RT,LT	: 	: 	: 	: 	20.9 	29 	59.6 	56.7 	62.1 	62.9 	69.1 	68.4 	67.2 	65.6 	66.6 	74.9 	77.3 	78.3 	72.9 	77.5 
W150104,RT,LU	68.1 	76.7 	79.1 	69.8 	66.4 	63.3 	78.2 	79.8 	79.4 	84.2 	79.4 	82.4 	82.4 	83.6 	84.8 	91.5 	92.9 	92.4 	92.9 	93.8 
W150104,RT,LV	: 	: 	: 	: 	35.2 	38.5 	35.1 	50 	68.4 	51.7 	74.6 	74.3 	57.8 	56.6 	51.8 	51 	59.8 	59 	71.3 	72 
W150104,RT,MT	: 	: 	: 	: 	2.8 	4.9 	7 	5.6 	12.4 	58.9 	33.4 	30.2 	41.5 	34.3 	39.1 	25.1 	30.1 	42.3 	68.2 p	: 
W150104,RT,NL	78.2 	77.7 	79.7 	84.9 	85.9 	83.9 	81.3 	83.3 	86.3 	86.6 	88.2 	91.2 	90.7 	93.1 	93.5 	94.6 	95.2 	94.9 	94.8 	95.6 
W150104,RT,NO	: 	: 	: 	: 	: 	: 	66.5 	66.3 	79.1 	75.6 	77.5 	78.9 	79.4 	69.9 	77.8 	81.8 	83.5 	89.5 	91.5 	88.3 
W150104,RT,PL	: 	: 	: 	: 	22.7 	31.2 	43.8 	29.9 	37.5 	43.1 	45.9 	45.1 	46.9 	34.5 	52.9 	62 	59.4 	62.6 	75.5 	84.2 
W150104,RT,PT	14.8 	24.3 	52.8 	53.2 	55.1 	60.4 	61.5 	62.5 	64.8 	64.4 	72 	71 	72.3 	75.7 	58.3 	63.6 	42.9 	43.6 	42.5 	45.8 
W150104,RT,RO	: 	: 	: 	: 	: 	53.7 	77.2 	55.1 	51 	56.4 	65.7 	62.3 	55.5 	52.8 	64.2 	64.1 	62.1 	60.4 	58.7 	: 
W150104,RT,SE	43.5 	68.7 	67.7 	69.6 	65.4 	63.7 	70.8 	73.6 	71.3 	77.7 	75.7 	75.4 	74.4 	77.4 	76.5 	77.7 	81.5 	84.5 	82.8 	81 
W150104,RT,SI	: 	: 	: 	: 	24 	35.3 	19 	20.9 	21.4 	26.9 	32.9 	40.4 	41.6 	58.4 	50.8 	62.8 	71.2 	71.1 	64.3 	68.2 
W150104,RT,SK	: 	: 	: 	37 	16 	40.8 	23.8 	73.5 	55.8 	61.3 	40.6 	58.4 	67.8 	68.9 	70.8 	73.5 	80.4 	86.1 	75.4 	72.4 
W150104,RT,UK	41.6 	35.3 	39.3 	41.4 	42.1 	47.4 	53.1 	52 	56.9 	54.9 	55.9 	55.3 	52.1 	57.4 	58.2 	59.8 	68.7 	71.1 	65.2 	: 
W150107,RT,AT	97.4 	82.3 	86.4 	82.9 	86.4 	79.3 	84.5 	85.9 	84.3 	84.8 	83 	82.8 	82.9 	84.8 	84.5 	85.6 	85.2 	84.1 	83.9 	81.1 
W150107,RT,BE	79.7 	85.3 	92.8 	96.2 	97.5 	99.9 	99.8 	100 	100 	100 	100 	100 	100 	100 	100 	100 	100 	100 	100 	100 
W150107,RT,BG	: 	: 	: 	: 	: 	18.4 	76.9 	70.8 	47 	39.7 	51.2 	59.5 	60.5 	61.2 	63.2 	62.9 	69.8 	64 	77.6 	: 
W150107,RT,CY	: 	: 	: 	: 	3.9 	3.9 	7.6 	10.4 	17.7 e	19.9 	25.2 	33.8 	32.4 e	32.1 	32.2 	33.2 	39.4 	42.4 	46.3 e	45.3 e
W150107,RT,CZ	: 	: 	: 	62.9 	69.1 	75.1 	70.5 	64.6 	69.9 	71.2 	73.1 	74.4 	81.1 	75 	71.6 	72.6 	72.8 	75.1 	74.8 	76.4 
W150107,RT,DE	84.5 	85.1 	86.2 	85.9 	81.5 	82.6 	82.4 	83.7 	82.2 	82.5 	86.1 	88.4 	84.7 	88.7 	89 	85.2 	85.5 	84.4 	83 	78 b
W150107,RT,DK	80.6 	76 	89.9 	95.3 	102.7 	99.6 	115.1 	128.4 	120.9 	174.2 	174.2 e	85.9 be	93.6 e	93 	83.6 	79.5 	85 	94.9 	82.4 	86.9 e
W150107,RT,EE	: 	: 	: 	: 	63.8 	49.6 	48.5 	62.1 	45.8 	89.9 	43.4 	65.4 e	70.7 e	71.5 	72.8 	62.1 	63.4 	61 	65.4 	105 
W150107,RT,EL	23.9 	24.4 	24.3 	25 	35 	24.2 	25.3 	18 	15 e	15.2 	21.4 	36.9 e	54.7 	28 	21.5 	29.4 	36.9 	36 	32.9 e	29.9 e
W150107,RT,ES	31.3 	32.5 	36.3 	38.2 	41.1 	44.4 	50.6 	55.8 	60 	56.5 	59.8 	64.4 	64.2 	67.4 	69.7 	70.4 	71.8 	72.2 	76.8 	79.8 
W150107,RT,EU27_2020	: 	: 	: 	: 	: 	60 s	62.2 s	65.1 s	66.9 s	68.8 s	71.2 s	72.3 s	73.1 	73.4 	75.3 	74.2 	75.3 	75.9 	75.8 	76.3 s
W150107,RT,EU28	: 	: 	: 	: 	: 	58.9 s	60.5 s	63.6 s	66 s	67.6 s	69.4 s	70.9 s	72.3 	72.6 	74 	72.9 	74.1 	74.7 	74.7 	: 
W150107,RT,FI	64.3 	49.7 	49.4 	61.4 	54.9 	63.2 	74 	81.1 	79.8 	45.1 	61.3 	87.9 	77.6 	76.8 	81.4 	78.4 	89.8 	91.8 	99.3 	97.4 
W150107,RT,FR	49.7 	51.4 	52.5 	56.8 	58.7 	59.7 	59.5 	61.6 	62.7 	68.1 	69.8 	70.7 	73.5 	73.9 	74.6 	74.8 	76.1 	77.9 	76.2 	77.1 
W150107,RT,HR	: 	: 	: 	: 	: 	: 	: 	: 	: 	: 	: 	: 	62.8 	65.4 	63.5 	65.2 	56.4 	57 	60.5 	51.3 
W150107,RT,HU	: 	: 	: 	: 	15 	20.5 	20.7 	20.7 	27.8 	24.4 	35.4 	41.2 	34.2 	32.4 	36.3 	50.5 	34.6 	34.2 	35.3 	28.7 
W150107,RT,IE	29 	39.2 	47.6 	56.1 	55.1 	64.1 	62.1 	75.5 	73.9 s	75.8 	77.8 	81.2 	85.5 	80 	86.8 	87.6 	86.3 	84.2 	82.2 	83.7 
W150107,RT,IS	: 	: 	: 	: 	: 	: 	: 	: 	: 	: 	0 	0 	0 	: 	: 	0.3 	0 	0 	: 	: 
W150107,RT,IT	46.9 	48.3 	52.7 	53.3 	56.2 	57.2 	58.9 	60.4 	65 	66 	68.3 	69.2 	70.9 	70.8 	70.3 	70.9 	70.8 	72.8 	73.4 	77.3 
W150107,RT,LI	: 	: 	: 	: 	: 	: 	62.6 	63.3 	61.9 	63.4 	62.1 	64.1 	64.1 	60.8 	65.1 	72.9 	70.1 	73.2 	75.5 	72.4 
W150107,RT,LT	: 	: 	: 	: 	34.8 	40 	31 	36 	49.9 	76.1 	66.9 	74.1 	72.2 	54.8 	60.5 	74.3 	71 	45.6 	58.2 	57.3 
W150107,RT,LU	82.6 	91.1 	83.5 	90.4 	93.5 	91.8 	92.8 	92.1 	92.2 	92.5 	93.8 	94.4 	94.6 	94.8 	94.5 	97 	97.5 	97.5 	98.3 	98.4 
W150107,RT,LV	: 	: 	: 	: 	24.9 	37.7 	32.1 	35.4 	53 	44.4 	47.6 	51.6 	55.1 	55.1 	60.6 	60.5 	64 	65.5 	68.8 	69 
W150107,RT,MT	: 	: 	: 	: 	3.5 	7.9 	14.3 	16.6 	142.5 	8.7 	5.8 	17.2 	21.3 	49.1 	31.2 	20.3 	29.5 	28.6 	41.4 p	: 
W150107,RT,NL	80.2 	78.1 	78.7 	76.2 	75.8 	77.6 	83.6 	85.7 	87 	91.8 	91.3 	82.8 	71.3 	79.8 	80.1 	82.7 	84.4 	86.2 	85.7 	86.6 
W150107,RT,NO	: 	: 	: 	: 	: 	: 	106.4 	99.3 	100.9 	85.7 	91.8 	87.4 	87.6 	86.2 	87.8 	86.8 	89.4 	83.5 	89.4 	97.7 
W150107,RT,PL	: 	: 	: 	: 	27.3 	27.4 	34.4 	39.7 	43.8 	41.9 	45.6 	45 	51.2 	43.6 	60.2 	57.2 	59.6 	63 	61.8 	67.1 
W150107,RT,PT	38.4 	33.7 	34.6 	37.5 	38.6 	40.5 	46 	45.9 	51.8 	55.3 	56.6 	59.7 	59.6 	55.7 	56.4 	55.2 	58.5 	49 	51.3 	56.1 
W150107,RT,RO	: 	: 	: 	: 	: 	10.2 	7.5 	16.6 	34.7 	48.2 	56.8 	60 	66.3 	49.2 	54.2 	41.1 	64.1 	63 	61.1 	: 
W150107,RT,SE	86.1 	84 	87.6 	91.6 	103.6 	95.3 	91.4 	94.5 	93.5 	90.4 	92.9 	91.9 	88.2 	89 	94.7 	93.6 	92.8 	93 	92.7 	93.1 
W150107,RT,SI	: 	: 	: 	: 	17.9 	40.6 	38.1 	41.8 	79.8 	52.4 	75.1 	82.3 	87.3 	85.9 	99.3 	98.5 	100.2 	98.5 	104 p	99.5 
W150107,RT,SK	: 	: 	: 	26.5 	26.5 	50.1 	14.6 	55 	47.6 	51.6 	55.7 	63.9 	69.4 	72.9 	67.7 	66.2 	62.2 	68.7 	68.6 	69.7 
W150107,RT,UK	38.6 	34.8 	34.1 	37.5 	43.7 	52.5 	51.4 	55.2 	61.3 	61.7 	60.7 	63.9 	67.8 	68.3 	67.2 	65.7 	66.9 	67.6 	68.5 	: 
